participant,EV1,..
sub-A00008326,
sub-A00008399,
sub-A00010893,
sub-A00013809,
sub-A00018030,
sub-A00019903,
sub-A00021039,
sub-A00023510,
sub-A00025566,
sub-A00027159,
sub-A00027167,
sub-A00027439,
sub-A00027443,
sub-A00027544,
sub-A00027651,
sub-A00028150,
sub-A00028152,
sub-A00028177,
sub-A00028184,
sub-A00028185,
sub-A00028192,
sub-A00028207,
sub-A00028246,
sub-A00028266,
sub-A00028287,
sub-A00028339,
sub-A00028340,
sub-A00028352,
sub-A00028380,
sub-A00028389,
sub-A00028399,
sub-A00028400,
sub-A00028429,
sub-A00028430,
sub-A00028468,
sub-A00028552,
sub-A00028605,
sub-A00028606,
sub-A00028613,
sub-A00028625,
sub-A00028656,
sub-A00028678,
sub-A00028691,
sub-A00028694,
sub-A00028753,
sub-A00028754,
sub-A00028766,
sub-A00028784,
sub-A00028822,
sub-A00028842,
sub-A00028844,
sub-A00028845,
sub-A00028858,
sub-A00028912,
sub-A00028929,
sub-A00028994,
sub-A00028995,
sub-A00029075,
sub-A00029076,
sub-A00029092,
sub-A00029104,
sub-A00029126,
sub-A00029127,
sub-A00029215,
sub-A00029219,
sub-A00029230,
sub-A00029231,
sub-A00029303,
sub-A00029304,
sub-A00029979,
sub-A00030912,
sub-A00030913,
sub-A00030947,
sub-A00030980,
sub-A00030981,
sub-A00030989,
sub-A00030990,
sub-A00031167,
sub-A00031216,
sub-A00031217,
sub-A00031219,
sub-A00031272,
sub-A00031410,
sub-A00031411,
sub-A00031452,
sub-A00031459,
sub-A00031549,
sub-A00031578,
sub-A00031604,
sub-A00031605,
sub-A00031625,
sub-A00031683,
sub-A00031794,
sub-A00031871,
sub-A00031872,
sub-A00031881,
sub-A00031893,
sub-A00031894,
sub-A00032007,
sub-A00032008,
sub-A00032010,
sub-A00032817,
sub-A00032862,
sub-A00032875,
sub-A00032876,
sub-A00033011,
sub-A00033021,
sub-A00033180,
sub-A00033231,
sub-A00033232,
sub-A00033247,
sub-A00033248,
sub-A00033589,
sub-A00033609,
sub-A00033640,
sub-A00033643,
sub-A00033647,
sub-A00033673,
sub-A00033714,
sub-A00033734,
sub-A00033735,
sub-A00033747,
sub-A00033748,
sub-A00033752,
sub-A00033764,
sub-A00033832,
sub-A00033834,
sub-A00033849,
sub-A00033903,
sub-A00033963,
sub-A00033998,
sub-A00034073,
sub-A00034074,
sub-A00034093,
sub-A00034193,
sub-A00034350,
sub-A00034385,
sub-A00034400,
sub-A00034827,
sub-A00034854,
sub-A00034987,
sub-A00035036,
sub-A00035054,
sub-A00035072,
sub-A00035291,
sub-A00035292,
sub-A00035337,
sub-A00035363,
sub-A00035364,
sub-A00035377,
sub-A00035378,
sub-A00035437,
sub-A00035440,
sub-A00035504,
sub-A00035535,
sub-A00035553,
sub-A00035561,
sub-A00035562,
sub-A00035606,
sub-A00035608,
sub-A00035625,
sub-A00035633,
sub-A00035699,
sub-A00035744,
sub-A00035765,
sub-A00035798,
sub-A00035827,
sub-A00035840,
sub-A00035869,
sub-A00035879,
sub-A00035881,
sub-A00035926,
sub-A00035940,
sub-A00035941,
sub-A00035943,
sub-A00035945,
sub-A00035951,
sub-A00035960,
sub-A00037110,
sub-A00037111,
sub-A00037112,
sub-A00037125,
sub-A00037266,
sub-A00037267,
sub-A00037368,
sub-A00037377,
sub-A00037378,
sub-A00037386,
sub-A00037387,
sub-A00037396,
sub-A00037421,
sub-A00037439,
sub-A00037445,
sub-A00037458,
sub-A00037459,
sub-A00037476,
sub-A00037483,
sub-A00037492,
sub-A00037510,
sub-A00037511,
sub-A00037522,
sub-A00037531,
sub-A00037545,
sub-A00037582,
sub-A00037588,
sub-A00037635,
sub-A00037646,
sub-A00037647,
sub-A00037725,
sub-A00037726,
sub-A00037767,
sub-A00037768,
sub-A00037783,
sub-A00037784,
sub-A00037817,
sub-A00037818,
sub-A00037831,
sub-A00037848,
sub-A00037877,
sub-A00038115,
sub-A00038158,
sub-A00038159,
sub-A00038189,
sub-A00038285,
sub-A00038411,
sub-A00038414,
sub-A00038424,
sub-A00038519,
sub-A00038520,
sub-A00038522,
sub-A00038605,
sub-A00038616,
sub-A00038623,
sub-A00038642,
sub-A00038706,
sub-A00038718,
sub-A00038731,
sub-A00038805,
sub-A00038806,
sub-A00038817,
sub-A00038831,
sub-A00038832,
sub-A00038957,
sub-A00038959,
sub-A00038998,
sub-A00039040,
sub-A00039041,
sub-A00039074,
sub-A00039075,
sub-A00039083,
sub-A00039118,
sub-A00039143,
sub-A00039159,
sub-A00039168,
sub-A00039218,
sub-A00039249,
sub-A00039257,
sub-A00039276,
sub-A00039277,
sub-A00039331,
sub-A00039353,
sub-A00039391,
sub-A00039393,
sub-A00039431,
sub-A00039432,
sub-A00039461,
sub-A00039463,
sub-A00039488,
sub-A00039490,
sub-A00039500,
sub-A00039559,
sub-A00039560,
sub-A00039593,
sub-A00039607,
sub-A00039635,
sub-A00039636,
sub-A00039639,
sub-A00039640,
sub-A00039655,
sub-A00039657,
sub-A00039669,
sub-A00039685,
sub-A00039686,
sub-A00039699,
sub-A00039700,
sub-A00039755,
sub-A00039758,
sub-A00039783,
sub-A00039819,
sub-A00039820,
sub-A00039845,
sub-A00039846,
sub-A00039866,
sub-A00039895,
sub-A00039916,
sub-A00039923,
sub-A00039943,
sub-A00039951,
sub-A00039952,
sub-A00039966,
sub-A00039974,
sub-A00040116,
sub-A00040117,
sub-A00040151,
sub-A00040152,
sub-A00040174,
sub-A00040181,
sub-A00040182,
sub-A00040193,
sub-A00040248,
sub-A00040257,
sub-A00040285,
sub-A00040286,
sub-A00040301,
sub-A00040311,
sub-A00040312,
sub-A00040324,
sub-A00040342,
sub-A00040343,
sub-A00040351,
sub-A00040382,
sub-A00040383,
sub-A00040439,
sub-A00040440,
sub-A00040461,
sub-A00040462,
sub-A00040493,
sub-A00040494,
sub-A00040500,
sub-A00040517,
sub-A00040524,
sub-A00040525,
sub-A00040556,
sub-A00040567,
sub-A00040573,
sub-A00040580,
sub-A00040594,
sub-A00040599,
sub-A00040623,
sub-A00040628,
sub-A00040629,
sub-A00040640,
sub-A00040678,
sub-A00040740,
sub-A00040741,
sub-A00040757,
sub-A00040784,
sub-A00040798,
sub-A00040800,
sub-A00040806,
sub-A00040815,
sub-A00040827,
sub-A00040891,
sub-A00040915,
sub-A00040944,
sub-A00041503,
sub-A00041540,
sub-A00043240,
sub-A00043282,
sub-A00043283,
sub-A00043299,
sub-A00043324,
sub-A00043325,
sub-A00043384,
sub-A00043417,
sub-A00043450,
sub-A00043462,
sub-A00043466,
sub-A00043494,
sub-A00043509,
sub-A00043520,
sub-A00043521,
sub-A00043617,
sub-A00043634,
sub-A00043635,
sub-A00043649,
sub-A00043677,
sub-A00043704,
sub-A00043721,
sub-A00043722,
sub-A00043739,
sub-A00043740,
sub-A00043758,
sub-A00043762,
sub-A00043788,
sub-A00043790,
sub-A00043998,
sub-A00044011,
sub-A00044012,
sub-A00044068,
sub-A00044084,
sub-A00044130,
sub-A00044131,
sub-A00044154,
sub-A00044171,
sub-A00044291,
sub-A00044307,
sub-A00044344,
sub-A00044345,
sub-A00044369,
sub-A00044370,
sub-A00044405,
sub-A00044408,
sub-A00044410,
sub-A00044427,
sub-A00045554,
sub-A00045589,
sub-A00045590,
sub-A00050679,
sub-A00050720,
sub-A00050721,
sub-A00050742,
sub-A00050743,
sub-A00050795,
sub-A00050847,
sub-A00050848,
sub-A00050940,
sub-A00050977,
sub-A00050998,
sub-A00051063,
sub-A00051064,
sub-A00051456,
sub-A00051457,
sub-A00051477,
sub-A00051513,
sub-A00051514,
sub-A00051517,
sub-A00051528,
sub-A00051529,
sub-A00051539,
sub-A00051548,
sub-A00051604,
sub-A00051638,
sub-A00051658,
sub-A00051676,
sub-A00051678,
sub-A00051679,
sub-A00051690,
sub-A00051691,
sub-A00051726,
sub-A00051727,
sub-A00051758,
sub-A00051774,
sub-A00051796,
sub-A00051835,
sub-A00051882,
sub-A00051925,
sub-A00051927,
sub-A00052069,
sub-A00052070,
sub-A00052117,
sub-A00052118,
sub-A00052125,
sub-A00052126,
sub-A00052165,
sub-A00052180,
sub-A00052181,
sub-A00052182,
sub-A00052183,
sub-A00052197,
sub-A00052214,
sub-A00052234,
sub-A00052235,
sub-A00052237,
sub-A00052307,
sub-A00052319,
sub-A00052340,
sub-A00052461,
sub-A00052499,
sub-A00052500,
sub-A00052502,
sub-A00052560,
sub-A00052577,
sub-A00052612,
sub-A00052613,
sub-A00052614,
sub-A00052639,
sub-A00053171,
sub-A00053202,
sub-A00053203,
sub-A00053320,
sub-A00053369,
sub-A00053390,
sub-A00053455,
sub-A00053456,
sub-A00053473,
sub-A00053474,
sub-A00053475,
sub-A00053490,
sub-A00053546,
sub-A00053576,
sub-A00053577,
sub-A00053578,
sub-A00053625,
sub-A00053626,
sub-A00053627,
sub-A00053744,
sub-A00053850,
sub-A00053851,
sub-A00053854,
sub-A00053873,
sub-A00053874,
sub-A00053901,
sub-A00053902,
sub-A00053927,
sub-A00053949,
sub-A00054019,
sub-A00054038,
sub-A00054153,
sub-A00054173,
sub-A00054206,
sub-A00054358,
sub-A00054441,
sub-A00054482,
sub-A00054504,
sub-A00054532,
sub-A00054533,
sub-A00054534,
sub-A00054578,
sub-A00054581,
sub-A00054621,
sub-A00054857,
sub-A00054895,
sub-A00054897,
sub-A00054913,
sub-A00054914,
sub-A00054929,
sub-A00055061,
sub-A00055076,
sub-A00055116,
sub-A00055121,
sub-A00055122,
sub-A00055215,
sub-A00055262,
sub-A00055267,
sub-A00055332,
sub-A00055352,
sub-A00055353,
sub-A00055373,
sub-A00055446,
sub-A00055447,
sub-A00055462,
sub-A00055541,
sub-A00055542,
sub-A00055612,
sub-A00055624,
sub-A00055692,
sub-A00055693,
sub-A00055727,
sub-A00055728,
sub-A00055738,
sub-A00055763,
sub-A00055765,
sub-A00055806,
sub-A00055832,
sub-A00055866,
sub-A00055867,
sub-A00055903,
sub-A00055906,
sub-A00055907,
sub-A00055908,
sub-A00055920,
sub-A00055921,
sub-A00055946,
sub-A00055962,
sub-A00055991,
sub-A00056020,
sub-A00056022,
sub-A00056097,
sub-A00056098,
sub-A00056138,
sub-A00056164,
sub-A00056198,
sub-A00056295,
sub-A00056306,
sub-A00056307,
sub-A00056372,
sub-A00056419,
sub-A00056420,
sub-A00056452,
sub-A00056453,
sub-A00056470,
sub-A00056489,
sub-A00056556,
sub-A00056605,
sub-A00056627,
sub-A00056628,
sub-A00056679,
sub-A00056703,
sub-A00056746,
sub-A00056830,
sub-A00056898,
sub-A00056919,
sub-A00056920,
sub-A00056949,
sub-A00057005,
sub-A00057035,
sub-A00057182,
sub-A00057183,
sub-A00057203,
sub-A00057235,
sub-A00057372,
sub-A00057405,
sub-A00057406,
sub-A00057444,
sub-A00057445,
sub-A00057480,
sub-A00057725,
sub-A00057786,
sub-A00057808,
sub-A00057809,
sub-A00057862,
sub-A00057863,
sub-A00057965,
sub-A00057967,
sub-A00058004,
sub-A00058053,
sub-A00058060,
sub-A00058061,
sub-A00058130,
sub-A00058145,
sub-A00058214,
sub-A00058215,
sub-A00058218,
sub-A00058229,
sub-A00058318,
sub-A00058436,
sub-A00058503,
sub-A00058515,
sub-A00058516,
sub-A00058537,
sub-A00058552,
sub-A00058570,
sub-A00058621,
sub-A00058644,
sub-A00058667,
sub-A00058685,
sub-A00058951,
sub-A00058952,
sub-A00058998,
sub-A00058999,
sub-A00059074,
sub-A00059107,
sub-A00059109,
sub-A00059325,
sub-A00059326,
sub-A00059327,
sub-A00059344,
sub-A00059346,
sub-A00059361,
sub-A00059427,
sub-A00059428,
sub-A00059527,
sub-A00059662,
sub-A00059663,
sub-A00059664,
sub-A00059733,
sub-A00059734,
sub-A00059756,
sub-A00059845,
sub-A00059865,
sub-A00059875,
sub-A00059911,
sub-A00059935,
sub-A00059990,
sub-A00060005,
sub-A00060006,
sub-A00060093,
sub-A00060099,
sub-A00060100,
sub-A00060169,
sub-A00060170,
sub-A00060184,
sub-A00060185,
sub-A00060252,
sub-A00060259,
sub-A00060264,
sub-A00060279,
sub-A00060280,
sub-A00060301,
sub-A00060302,
sub-A00060306,
sub-A00060372,
sub-A00060383,
sub-A00060384,
sub-A00060407,
sub-A00060429,
sub-A00060430,
sub-A00060431,
sub-A00060471,
sub-A00060472,
sub-A00060480,
sub-A00060493,
sub-A00060503,
sub-A00060516,
sub-A00060574,
sub-A00060575,
sub-A00060582,
sub-A00060602,
sub-A00060603,
sub-A00060628,
sub-A00060629,
sub-A00060630,
sub-A00060632,
sub-A00060662,
sub-A00060664,
sub-A00060773,
sub-A00060806,
sub-A00060846,
sub-A00060848,
sub-A00060923,
sub-A00060925,
sub-A00061001,
sub-A00061021,
sub-A00061203,
sub-A00061204,
sub-A00061210,
sub-A00061263,
sub-A00061274,
sub-A00061275,
sub-A00061276,
sub-A00061281,
sub-A00061284,
sub-A00061298,
sub-A00061387,
sub-A00061415,
sub-A00061483,
sub-A00061485,
sub-A00061597,
sub-A00061598,
sub-A00061600,
sub-A00061634,
sub-A00061647,
sub-A00061656,
sub-A00061666,
sub-A00061709,
sub-A00061711,
sub-A00061714,
sub-A00061715,
sub-A00061725,
sub-A00061727,
sub-A00061728,
sub-A00061730,
sub-A00061749,
sub-A00061767,
sub-A00061787,
sub-A00061790,
sub-A00061806,
sub-A00061881,
sub-A00061882,
sub-A00061883,
sub-A00061923,
sub-A00061962,
sub-A00062009,
sub-A00062081,
sub-A00062085,
sub-A00062144,
sub-A00062146,
sub-A00062210,
sub-A00062248,
sub-A00062255,
sub-A00062266,
sub-A00062268,
sub-A00062282,
sub-A00062285,
sub-A00062288,
sub-A00062292,
sub-A00062349,
sub-A00062351,
sub-A00062353,
sub-A00062361,
sub-A00062368,
sub-A00062369,
sub-A00062411,
sub-A00062416,
sub-A00062797,
sub-A00062809,
sub-A00062917,
sub-A00062920,
sub-A00062923,
sub-A00062926,
sub-A00062928,
sub-A00062929,
sub-A00062934,
sub-A00062937,
sub-A00062942,
sub-A00062983,
sub-A00062989,
sub-A00062996,
sub-A00062997,
sub-A00063000,
sub-A00063003,
sub-A00063006,
sub-A00063008,
sub-A00063031,
sub-A00063103,
sub-A00063110,
sub-A00063326,
sub-A00063327,
sub-A00063329,
sub-A00063368,
sub-A00063383,
sub-A00063424,
sub-A00063425,
sub-A00063450,
sub-A00063455,
sub-A00063458,
sub-A00063470,
sub-A00063473,
sub-A00063479,
sub-A00063481,
sub-A00063589,
sub-A00064053,
sub-A00064061,
sub-A00064081,
sub-A00064323,
sub-A00064328,
sub-A00064415,
sub-A00064416,
sub-A00064418,
sub-A00064503,
sub-A00064505,
sub-A00064507,
sub-A00064580,
sub-A00064596,
sub-A00065178,
sub-A00065185,
sub-A00065197,
sub-A00065250,
sub-A00065261,
sub-A00065262,
sub-A00065263,
sub-A00065302,
sub-A00065379,
sub-A00065478,
sub-A00065480,
sub-A00065487,
sub-A00065565,
sub-A00065572,
sub-A00065574,
sub-A00065617,
sub-A00065717,
sub-A00065722,
sub-A00065743,
sub-A00065749,
sub-A00065750,
sub-A00065790,
sub-A00065792,
sub-A00065802,
sub-A00065820,
sub-A00065865,
sub-A00065873,
sub-A00065934,
sub-A00065935,
sub-A00065941,
sub-A00065974,
sub-A00065991,
sub-A00065995,
sub-A00066013,
sub-A00066087,
sub-A00066091,
sub-A00066130,
sub-A00066153,
sub-A00066154,
sub-A00066162,
sub-A00066232,
sub-A00066236,
sub-A00066237,
sub-A00066245,
sub-A00066246,
sub-A00066282,
sub-A00066302,
sub-A00066314,
sub-A00066319,
sub-A00066389,
sub-A00066396,
sub-A00066419,
sub-A00066460,
sub-A00066534,
sub-A00066539,
sub-A00066572,
sub-A00066573,
sub-A00066580,
sub-A00066581,
sub-A00066582,
sub-A00066584,
sub-A00066589,
sub-A00066697,
sub-A00066698,
sub-A00066735,
sub-A00066781,
sub-A00066784,
sub-A00066788,
sub-A00066800,
sub-A00066812,
sub-A00066820,
sub-A00066822,
sub-A00066827,
sub-A00066831,
sub-A00066860,
sub-A00066864,
sub-A00066865,
sub-A00066871,
sub-A00066926,
sub-A00067174,
sub-A00072203,
sub-A00073230,
sub-A00073283,
sub-A00073296,
sub-A00073308,
sub-A00073330,
sub-A00073525,
sub-A00073529,
sub-A00073545,
sub-A00073600,
sub-A00073611,
sub-A00073677,
sub-A00073705,
sub-A00073942,
sub-A00073953,
sub-A00074000,
sub-A00074034,
